<?xml version="1.0" encoding="UTF-8"?>
<!DOCTYPE fontscolors PUBLIC "-//NetBeans//DTD Editor Fonts and Colors settings 1.1//EN" "http://www.netbeans.org/dtds/EditorFontsColors-1_1.dtd">
<fontscolors>
    <fontcolor default="comment" name="comments"/>
    <fontcolor default="identifier" name="identifiers"/>
    <fontcolor default="number" name="numbers"/>
    <fontcolor name="mod-class">
        <font style="italic"/>
    </fontcolor>
    <fontcolor foreColor="ffe6db74" name="mod-method"/>
    <fontcolor default="separator" name="braces"/>
    <fontcolor foreColor="ff006666" name="mod-private">
        <font style="bold"/>
    </fontcolor>
    <fontcolor default="string" name="uris"/>
    <fontcolor foreColor="fff92672" name="at_rule_symbol">
        <font style="bold"/>
    </fontcolor>
    <fontcolor default="string" name="strings"/>
    <fontcolor foreColor="orange" name="mod-custom3">
        <font style="italic"/>
    </fontcolor>
    <fontcolor default="operator" name="operators"/>
    <fontcolor foreColor="ff66d9ef" name="mod-custom2">
        <font style="italic"/>
    </fontcolor>
    <fontcolor foreColor="ff66d9ef" name="mod-custom1"/>
    <fontcolor default="number" name="hashes"/>
    <fontcolor foreColor="ff006666" name="mod-local-variable"/>
    <fontcolor default="separator" name="separators"/>
    <fontcolor name="mod-constructor">
        <font style="bold"/>
    </fontcolor>
    <fontcolor default="default" name="others"/>
    <fontcolor default="default" name="whitespaces"/>
</fontscolors>
