<?xml version="1.0" encoding="UTF-8"?>
<!DOCTYPE fontscolors PUBLIC "-//NetBeans//DTD Editor Fonts and Colors settings 1.1//EN" "http://www.netbeans.org/dtds/EditorFontsColors-1_1.dtd">
<fontscolors>
    <fontcolor default="constant" name="constant"/>
    <fontcolor default="string" name="string"/>
    <fontcolor foreColor="ffae81ff" name="mod-class"/>
    <fontcolor foreColor="ffa6e22e" name="mod-unused"/>
    <fontcolor default="operator" name="operator"/>
    <fontcolor default="number" foreColor="ffae81ff" name="number"/>
    <fontcolor name="phpopenclose">
        <font style="bold+italic"/>
    </fontcolor>
    <fontcolor bgColor="black" foreColor="black" name="mod-deprecated" strikeThrough="black"/>
    <fontcolor default="method" name="mod-custom1"/>
    <fontcolor default="comment" name="mod-annotation-type"/>
    <fontcolor default="inferred" name="inferred"/>
    <fontcolor default="comment" name="phpdockeyword">
        <font style="bold"/>
    </fontcolor>
    <fontcolor default="keyword" name="keyword"/>
    <fontcolor default="identifier" name="identifier"/>
    <fontcolor default="comment" foreColor="ff9999ff" name="htmltag">
        <font style="bold"/>
    </fontcolor>
    <fontcolor default="field" foreColor="ff66d9ef" name="mod-field"/>
    <fontcolor foreColor="ffa6e22e" name="mod-method">
        <font style="italic"/>
    </fontcolor>
    <fontcolor default="separator" name="separator"/>
    <fontcolor foreColor="fffd971f" name="heredocdelimiter"/>
    <fontcolor default="uncovered" foreColor="yellow" name="uncovered"/>
    <fontcolor foreColor="ffae81ff" name="mod-static"/>
    <fontcolor default="covered" name="covered"/>
    <fontcolor foreColor="ff66d9ef" name="variable"/>
    <fontcolor default="comment" name="comment"/>
    <fontcolor default="partial" name="partial"/>
    <fontcolor default="comment" name="commentline"/>
</fontscolors>
